Code,ForecastDate,ForecastType,ForecastStart,ForecastEnd,PrecipitationProbability,WeatherConditions,PrecipitationType,ExpectedPrecipitationAmount,MinimumTemperature,MaximumTemperature,WindDirection,WindSpeed,PrecipitationAmountDay,Notes,global_id
764562,01.01.2023,трехчасовой прогноз,01.01.2023,01.01.2023,,,снег,,3,5,,,,"Днем временами дождь 2-4 мм, температура 3…5 градусов, ветер юго-западный 7-12 м/сек. Ночью временами осадки 2-4 мм, температура 0…+2 градуса, ветер западный 5-10 м/сек, местами порывы 12-15 м/сек.",2452541736
764758,02.01.2023,трехчасовой прогноз,02.01.2023,02.01.2023,,,снег,,-2,1,,,,"Днем без существенных осадков 0-0,2 мм, местами гололедица, температура -1…+1 градус, понижение к вечеру до -2 градусов, ветер западный 7-12 м/сек. Во второй половине ночи временами снег 1-3 мм, прирост снега 1-3 см, температура -4…-2 градуса, ветер южный 5-10 м/сек.",2452541763
764953,03.01.2023,трехчасовой прогноз,03.01.2023,03.01.2023,,,снег,,1,3,,,,"Днем временами осадки (снег, дождь) 4-7 мм, прирост снега 2-4 см, утром возможен гололед, температура 1…3 градуса, ветер западный 5-10 м/сек, местами порывы 12-14 м/сек. Ночью временами снег 1-2 мм, прирост снега 1-2 см, температура -4…-2 градуса, ветер западный, северо-западный 5-10 м/сек, местами порывы 12-14 м/сек.",2452545156
765149,04.01.2023,трехчасовой прогноз,04.01.2023,04.01.2023,,,снег,,-4,-2,,,,"Днем местами небольшой снег 0-1 мм, прирост снега 0-1 см, температура -4…-2 градуса, ветер северо-западный 5-10 м/сек. Ночью местами небольшой снег 0-1 мм, прирост снега 0-1 см, температура -7…-5 градусов, ветер северо-западный 3-8 м/сек.",2452548849
765345,05.01.2023,трехчасовой прогноз,05.01.2023,05.01.2023,,,снег,,-7,-5,,,,"Днем местами небольшой снег 0-1 мм, прирост снега 0-1 см, температура -7…-5 градусов, ветер северо-восточный 3-8 м/сек. Ночью местами небольшой снег 0-1 мм, прирост снега 0-1 см, температура -19…-17 градусов, ветер северо-восточный 3-8 м/сек.",2452936665
765519,06.01.2023,трехчасовой прогноз,06.01.2023,06.01.2023,,,снег,,-19,-17,,,,"Днем без существенных осадков 0-0,2 мм, температура -19…-17 градусов, ветер северо-восточный 3-8 м/сек. Ночью без существенных осадков 0-0,2 мм, температура -25…-23 градуса, ветер северный 3-8 м/сек.",2452938418
765715,07.01.2023,трехчасовой прогноз,07.01.2023,07.01.2023,,,снег,,-21,-19,,,,"Днем без существенных осадков 0-0,2 мм, температура -21…-19 градусов, ветер северо-западный 3-8 м/сек. Ночью без осадков, температура -24…-22 градуса, ветер северо-западный 2-7 м/сек.",2467940643
765900,08.01.2023,трехчасовой прогноз,08.01.2023,08.01.2023,,,снег,,-17,-15,,,,"Днем без существенных осадков 0-0,2 мм, температура -17…-15 градусов, ветер западный 2-7 м/сек. Ночью без осадков, температура -22…-20 градусов, ветер слабый менее 5 м/сек.",2468905118
766085,09.01.2023,трехчасовой прогноз,09.01.2023,09.01.2023,,,снег,,-16,-14,,,,"Днем без осадков, температура -16…-14 градусов, ветер юго-восточный 3-8 м/сек. Ночью без осадков, температура -18…-16 градусов, ветер юго-восточный 5-10 м/сек.",2478912252
766280,10.01.2023,трехчасовой прогноз,10.01.2023,10.01.2023,,,снег,,-12,-10,,,,"Днем без существенных осадков 0-0,2 мм, температура -12…-10 градусов, ветер юго-восточный 5-10 м/сек, местами порывы 12-14 м/сек. Ночью без существенных осадков 0-0,2 мм, температура -14…-12 градусов, ветер южный 5-10 м/сек.",2493429008
766476,11.01.2023,трехчасовой прогноз,11.01.2023,11.01.2023,,,снег,,-9,-7,,,,"Во второй половине дня небольшой снег 0,5-2 мм, прирост снега 1-2 см, температура -9…-7 градусов, ветер южный 5-10 м/сек, местами порывы 12-14 м/сек. Ночью местами небольшой снег 0-1 мм, прирост снег 0-1 см, температура -11…-9 градусов, ветер южный 5-10 м/сек.",2493457167
766671,12.01.2023,трехчасовой прогноз,12.01.2023,12.01.2023,,,снег,,-8,-6,,,,"Днем без существенных осадков 0-0,2 мм, температура -8…-6 градусов, ветер южный 5-10 м/сек. Ночью без существенных осадков 0-0,2 мм, температура -8…-6 градусов, ветер южный 5-10 м/сек.",2505979838
766867,13.01.2023,трехчасовой прогноз,13.01.2023,13.01.2023,,,снег,,-5,-3,,,,"Днем без существенных осадков 0-0,2 мм, температура -5…-3 градуса, ветер южный 5-10 м/сек. Ночью без существенных осадков 0-0,2 мм, температура -6…-4 градуса, ветер южный 5-10 м/сек.",2507489883
767063,14.01.2023,трехчасовой прогноз,14.01.2023,14.01.2023,,,снег,,-3,-1,,,,"Днем без существенных осадков 0-0,2 мм, температура -3…-1 градус, ветер южный 5-10 м/сек. Ночью небольшой снег 0-1 мм, прирост снега 0-1 см, температура -3…-1 градус, ветер южный 5-10 м/сек.",2507519560
767249,15.01.2023,трехчасовой прогноз,15.01.2023,15.01.2023,,,снег,,-3,-1,,,,"Днем местами небольшой снег 0-1 мм, прирост снега 0-1 см, температура -3…-1 градус, ветер южный 5-10 м/сек. Ночью местами небольшой снег 0-1 мм, прирост снега 0-1 см, температура -4…-2 градуса, ветер южный 7-12 м/сек.",2507522298
767445,16.01.2023,трехчасовой прогноз,16.01.2023,16.01.2023,,,снег,,-2,0,,,,"Днем местами слабый снег снег 0-0,5 мм, температура -2…0 градусов, ветер южный 7-12 м/сек. Ночью временами снег 0,5-2 мм, прирост снега 1-2 см, температура -3…-1 градус, ветер южный 7-12 м/сек.",2507558431
767641,17.01.2023,трехчасовой прогноз,17.01.2023,17.01.2023,,,снег,,-1,1,,,,"Днем местами небольшой снег, мокрый снег 0-1 мм, прирост снега 0-1 см, температура -1…+1 градус, ветер южный 7-12 м/сек. Ночью временами снег, мокрый снег 1-2 мм, прирост снега 1-2 см, возможен гололед, температура -2…0 градусов, ветер юго-восточный 7-12 м/сек.",2507585328
768021,19.01.2023,трехчасовой прогноз,19.01.2023,19.01.2023,,,снег,,1,3,,,,"Днем временами осадки преимущественно в виде дождя 1-3 мм, температура 1…3 градуса, ветер юго-восточный 5-10 м/сек, местами порывы 12-15 м/сек. Ночью временами осадки преимущественно в виде дождя 1-3 мм, температура 0…+2 градуса, ветер южный 5-10 м/сек.",2507689957
767826,18.01.2023,трехчасовой прогноз,18.01.2023,18.01.2023,,,снег,,0,2,,,,"Днем местами небольшие осадки 0-1 мм, температура 0…+2 градуса, ветер юго-восточный 5-10 м/сек, местами порывы 12-14 м/сек. Ночью временами осадки преимущественно в виде дождя 3-5 мм, температура 0…+2 градуса, ветер юго-восточный 7-12 м/сек, местами порывы 13-18 м/сек.",2507689958
768206,20.01.2023,трехчасовой прогноз,20.01.2023,20.01.2023,,,снег,,1,3,,,,"Днем без существенных осадков 0-0,2 мм, температура 1…3 градуса, ветер южный 7-12 м/сек. Ночью без существенных осадков 0-0,2 мм, на дорогах гололедица, температура -1…+1 градус, ветер юго-восточный 5-10 м/сек.",2508492755
768403,21.01.2023,трехчасовой прогноз,21.01.2023,21.01.2023,,,снег,,-1,1,,,,"Днем без осадков, на дорогах гололедица, температура -1…+1 градус, понижение к вечеру до -3 градусов, ветер юго-восточный 5-10 м/сек. Ночью без осадков, на дорогах гололедица, температура -6…-4 градуса, ветер юго-восточный 3-8 м/сек.",2511296603
768599,22.01.2023,трехчасовой прогноз,22.01.2023,22.01.2023,,,снег,,-3,-1,,,,"Днем без осадков, температура -3…-1 градус, ветер юго-восточный 3-8 м/сек. Ночью без осадков, температура -7…-5 градусов, ветер юго-восточный 2-7 м/сек.",2524953397
768794,23.01.2023,трехчасовой прогноз,23.01.2023,23.01.2023,,,снег,,-4,-2,,,,"Днем без осадков, температура -4…-2 градуса, ветер юго-восточный 2-7 м/сек. Ночью без осадков, температура -10…-8 градусов, ветер юго-западный 3-8 м/сек",2527797870
768990,24.01.2023,трехчасовой прогноз,24.01.2023,24.01.2023,,,снег,,-2,0,,,,"Днем без существенных осадков 0-0,2 мм, температура -2…0 градусов, ветер юго-западный 3-8 м/сек. Ночью без осадков, температура -6…-4 градуса, ветер юго-западный 5-10 м/сек.",2527805958
769186,25.01.2023,трехчасовой прогноз,25.01.2023,25.01.2023,,,снег,,-3,-1,,,,"Днем без существенных осадков 0-0,2 мм, температура -3…-1 градус, ветер юго-западный 5-10 м/сек. Ночью без существенных осадков 0-0,2 мм, температура -3…-1 градус, ветер юго-западный 3-8 м/сек.",2527853021
769382,26.01.2023,трехчасовой прогноз,26.01.2023,26.01.2023,,,снег,,-2,0,,,,"Днем местами небольшой снег, мокрый снег 0-1 мм, прирост снега 0-1 см, температура -2…0 градусов, ветер юго-западный 3-8 м/сек. Ночью временами небольшой снег 0,5-1 мм, прирост снега 0-1 см, температура -3…-1 градуса, ветер юго-западный 5-10 м/сек.",2527992927
769578,27.01.2023,трехчасовой прогноз,27.01.2023,27.01.2023,,,снег,,-3,-1,,,,"Днем временами небольшой снег 0,5-2 мм, прирост снега 1-2 см, температура -3…-1 градус, ветер юго-западный 3-8 м/сек. Ночью местами небольшой снег 0-1 мм, прирост снега 0-1 см, температура -5…-3 градуса, ветер переменный 2-5 м/сек.",2528460569
769763,28.01.2023,трехчасовой прогноз,28.01.2023,28.01.2023,,,снег,,-4,-2,,,,"Днем местами слабый снег 0-0,5 мм, температура -4…-2 градуса, ветер переменный 2-5 м/сек. Ночью без существенных осадков 0-0,2 мм, температура -7…-5 градусов, ветер юго-западный 3-8 м/сек.",2530078027
769959,29.01.2023,трехчасовой прогноз,29.01.2023,29.01.2023,,,снег,,-4,-2,,,,"Днем местами слабый снег 0-0,5 мм, температура -4…-2 градуса, ветер юго- западный 5-10 м/сек. Ночью местами небольшой снег 0-1 мм, прирост снега 0-1 см, температура -5…-3 градуса, ветер юго-западный 5-10 м/сек.",2531097698
770155,30.01.2023,трехчасовой прогноз,30.01.2023,30.01.2023,,,снег,,-2,0,,,,"Днем временами небольшой снег, мокрый снег местами метель, 0,5-2 мм, прирост снега 1-2 см, температура -2…0 градусов, ветер юго- западный 5-10 м/сек, местами порывы 12-14 м/сек. Ночью временами небольшой снег, мокрый снег местами метель, 0,5-2 мм, прирост снега 1-2 см, температура -4…-2 градуса, ветер юго-западный 5-10 м/сек, местами порывы 12-14 м/сек.",2533212630
770180,31.01.2023,трехчасовой прогноз,31.01.2023,31.01.2023,,,снег,,-2,0,,,,"Днем местами небольшой снег 0-1 мм, прирост снега 0-1 см, температура -2…0 градусов, ветер юго-западный 5-10 м/сек. Ночью местами небольшой снег 0-1 мм, прирост снега 0-1 см, температура -3…-1 градус, ветер юго-западный 3-8 м/сек.",2533212626
770352,01.02.2023,трехчасовой прогноз,01.02.2023,01.02.2023,,,снег,,-2,0,,,,"Днем местами небольшой снег 0-1 мм, прирост снега 0-1 см, температура -2…0 градусов, ветер юго-западный 3-8 м/сек. Ночью местами небольшой снег 0-1 мм, прирост снега 0-1 см, температура -3…-1 градус, ветер южный 3-8 м/сек.",2533863056
770526,02.02.2023,трехчасовой прогноз,02.02.2023,02.02.2023,,,без осадков,,-2,0,,,,"Днем местами небольшой снег 0-1 мм, прирост снега 0-1 см, температура -2…0 градусов, ветер южный 5-10 м/сек. Ночью временами небольшой снег 0,5-1 мм, прирост снега 0-1 см, температура -3…-1 градус, ветер юго-восточный 5-10 м/сек.",2534186800
770722,03.02.2023,трехчасовой прогноз,03.02.2023,03.02.2023,,,снег,,-2,1,,,,"Днем временами небольшой снег 0,5-2 мм, прирост снега 1-2 см, температура -2…0 градусов, местами до + 1 градуса, ветер южный 5-10 м/сек. Ночью временами небольшой снег 0,5-1 мм, прирост снега 0-1 см, температура -4…-2 градуса, ветер слабый менее 5 м/сек.",2535186366
770906,04.02.2023,трехчасовой прогноз,04.02.2023,04.02.2023,,,снег,,-3,-1,,,,"Днем местами небольшой снег 0-1 мм, прирост снега 0-1 см, температура -3…-1 градус, ветер северо-западный 3-8 м/сек. Ночью местами небольшой снег 0-1 мм, прирост снега 0-1 см, температура -5…-3 градуса, ветер северный 5-10 м/сек.",2535235635
771102,05.02.2023,трехчасовой прогноз,05.02.2023,05.02.2023,,,снег,,-3,-1,,,,"Днем местами небольшой снег 0-1 мм, прирост снега 0-1 см, температура -3…-1 градус, ветер северный 5-10 м/сек. Ночью местами небольшой снег 0-1 мм, прирост снега 0-1 см, температура -8…-6 градусов, ветер северный 3-8 м/сек.",2535273300
771298,06.02.2023,трехчасовой прогноз,06.02.2023,06.02.2023,,,снег,,-5,-3,,,,"Днем без существенных осадков 0-0,2 мм, температура -5…-3 градуса, ветер северо-западный 2-7 м/сек. Ночью без существенных осадков 0-0,2 мм, температура -10…-8 градусов, ветер северо-западный 3-8 м/сек.",2535365827
771494,07.02.2023,трехчасовой прогноз,07.02.2023,07.02.2023,,,снег,,-5,-3,,,,"Днем без осадков, температура -5…-3 градуса, ветер слабый менее 5 м/сек. Ночью без осадков, температура -11…-9 градусов, ветер юго-западный, западный 3-8 м/сек.",2535365824
771690,08.02.2023,трехчасовой прогноз,08.02.2023,08.02.2023,,,снег,,-5,-3,,,,"Днем без существенных осадков 0-0,2 мм, температура -5…-3 градуса, ветер западный 3-8 м/сек. Ночью без существенных осадков 0-0,2 мм, температура -5…-3 градуса, ветер западный 5-10 м/сек.",2535678033
771874,09.02.2023,трехчасовой прогноз,09.02.2023,09.02.2023,,,снег,,-2,0,,,,"Днем местами слабый снег 0-0,5 мм, температура -2…0 градусов, ветер западный 5-10 м/сек. Ночью без существенных осадков 0-0,2 мм, температура -5…-3 градуса, ветер западный 5-10 м/сек.",2535678032
772059,10.02.2023,трехчасовой прогноз,10.02.2023,10.02.2023,,,снег,,-3,-1,,,,"Днем без существенных осадков 0-0,2 мм, температура -3…-1 градус, ветер западный 5-10 м/сек, местами порывы 12-14 м/сек. Ночью местами небольшой снег 0-1 мм, прирост снега 0-1 см, температура -5…-3 градуса, ветер юго-западный 5-10 м/сек.",2535678031
772254,11.02.2023,трехчасовой прогноз,11.02.2023,11.02.2023,,,снег,,-3,-1,,,,"Во второй половине дня временами снег 1-2 мм, прирост снега 1-2 см, температура -3…-1 градус, ветер юго-западный 5-10 м/сек, местами порывы 12-15 м/сек. Ночью временами снег 3-5 мм, прирост снега 3-5 см, местами метель, на дорогах снежный накат, температура -5…-3 градуса, ветер северо-западный 5-10 м/сек, местами порывы 13-18 м/сек.",2535747551
772449,12.02.2023,трехчасовой прогноз,12.02.2023,12.02.2023,,,снег,,-4,-2,,,,"Днем местами небольшой снег 0-1 мм, прирост снега 0-1 см, температура -4…-2 градуса, ветер северо-западный 5-10 м/сек, местами порывы 13-18 м/сек. Ночью местами небольшой снег 0-1 мм, прирост снега 0-1 см, температура -7…-5 градусов, ветер западный 5-10 м/сек.",2535880038
772645,13.02.2023,трехчасовой прогноз,13.02.2023,13.02.2023,,,снег,,-1,1,,,,"Днем временами небольшие осадки 0,5-2 мм, прирост снега 0-1 см, условия для схода снежных масс с крыш зданий, температура -1…+1 градус, ветер западный 5-10 м/сек. Ночью временами осадки, преимущественно в виде снега 1-3 мм, прирост снега 1-2 см, температура -1…+1 градус, ветер северо-западный 5-10 м/сек, порывы 12-14 м/сек.",2536103881
772830,14.02.2023,трехчасовой прогноз,14.02.2023,14.02.2023,,,снег,,-1,1,,,,"Днем местами небольшой снег 0-1 мм, прирост снега 0-1 см, местами гололедица, температура -1…+1 градус, ветер северо-западный 5-10 м/сек, местами порывы 12-14 м/сек. Ночью местами небольшой снег 0-1 мм, прирост снега 0-1 см, температура -4…-2 градуса, ветер северный 5-10 м/сек.",2536198912
773015,15.02.2023,трехчасовой прогноз,15.02.2023,15.02.2023,,,снег,,-4,-2,,,,"Днем местами слабый снег 0-0,5 мм, температура -4…-2 градуса, ветер северный 5-10 м/сек. Ночью без существенных осадков 0-0,2 мм, температура -9…-7 градусов, ветер северный 3-8 м/сек.",2536224953
773211,16.02.2023,трехчасовой прогноз,16.02.2023,16.02.2023,,,снег,,-5,-3,,,,"Днем местами слабый снег 0-0,5 мм, температура -5…-3 градуса, ветер северный 3-8 м/сек. Ночью без существенных осадков 0-0,2 мм, температура -11…-9 градусов, ветер переменный 2-5 м/сек.",2536342228
773396,17.02.2023,трехчасовой прогноз,17.02.2023,17.02.2023,,,снег,,-6,-4,,,,"Днем без существенных осадков 0-0,2 мм, температура -6…-4 градуса, ветер переменный 2-5 м/сек. Ночью местами небольшой снег 0-1 мм, прирост снега 0-1 см, температура -10…-8 градусов, ветер юго-восточный 3-8 м/сек.",2536425781
773591,18.02.2023,трехчасовой прогноз,18.02.2023,18.02.2023,,,снег,,-5,-3,,,,"Днем временами снег, метель 1-3 мм, прирост снега 1-3 см, температура -5…-3 градуса, ветер юго-восточный 7-12 м/сек, местами порывы 15-17 м/сек. Ночью временами снег 2-3 мм, прирост снега 2-3 см, снежный накат, температура -7…-5 градусов, ветер юго-восточный 5-10 м/сек, местами порывы 12-15 м/сек.",2537176721
773776,19.02.2023,трехчасовой прогноз,19.02.2023,19.02.2023,,,снег,,-5,-3,,,,"Днем временами снег 2-3 мм, прирост снега 2-3 см, снежный накат, температура -5…-3 градуса, ветер юго-восточный 5-10 м/сек. Ночью временами снег 1-2 мм, прирост снега 1-2 см, температура -7…-5 градусов, ветер северо-восточный 4-9 м/сек.",2537279462
773973,20.02.2023,трехчасовой прогноз,20.02.2023,20.02.2023,,,снег,,-5,-3,,,,"Днем местами небольшой снег 0-1 мм, прирост снега 0-1 см, температура -5…-3 градуса, ветер северо-восточный 4-9 м/сек. Ночью местами небольшой снег 0-1 мм, прирост снега 0-1 см, температура -12…-10 градусов, ветер северо-западный 4-9 м/сек.",2537309396
774157,21.02.2023,трехчасовой прогноз,21.02.2023,21.02.2023,,,снег,,-10,-8,,,,"Днем местами слабый снег 0-0,5 мм, температура -10…-8 градусов, ветер северо-восточный 4-9 м/сек. Ночью местами слабый снег 0-0,5 мм, температура -16…-14 градусов, ветер северо-западный 3-8 м/сек.",2537440164
774353,22.02.2023,трехчасовой прогноз,22.02.2023,22.02.2023,,,снег,,-12,-10,,,,"Днем местами слабый снег 0-0,5 мм, температура -12…-10 градусов, ветер северо-западный 5-10 м/сек. Ночью без существенных осадков 0-0,2 мм, температура -18…-16 градусов, ветер северо-западный 5-10 м/сек.",2537614283
774549,23.02.2023,трехчасовой прогноз,23.02.2023,23.02.2023,,,снег,,-10,-8,,,,"Днем без существенных осадков 0-0,2 мм, температура -10…-8 градусов, ветер северо-западный 5-10 м/сек. Ночью без осадков, температура -14…-12 градусов, ветер западный 3-8 м/сек.",2537696334
774745,24.02.2023,трехчасовой прогноз,24.02.2023,24.02.2023,,,снег,,-5,-3,,,,"Днем временами снег 1-3 мм, прирост снега 1-3 см, температура -5…-3 градуса, ветер юго-западный 5-10 м/сек. Ночью небольшой снег 1-2 мм, прирост снега 1-2 см, температура -5…-3 градуса, ветер юго-западный 5-10 м/сек.",2537801917
774941,25.02.2023,трехчасовой прогноз,25.02.2023,25.02.2023,,,снег,,0,2,,,,"Днем небольшие осадки 1-3 мм, прирост снега 0-1 см, температура 0…+2 градуса, ветер юго-западный 5-10 м/сек. Ночью временами осадки 8-13 мм, прирост снега 3-6 см, температура 0…+2 градуса, ветер южный 5-10 м/сек, местами порывы 12-14 м/сек.",2537920231
775136,26.02.2023,трехчасовой прогноз,26.02.2023,26.02.2023,,,снег,,0,2,,,,"Днем временами осадки преимущественно в виде снега 1-3 мм, прирост снега 1-2 см, в конце дня гололедица, температура 0…+2 градуса, понижение к концу дня до -1 градуса, ветер юго-западный 5-10 м/сек, местами порывы 12-17 м/сек. Ночью местами небольшой снег 0-1 мм, прирост снега 0-1 см, местами гололедица, температура -5…-3 градуса, ветер юго-западный 5-10 м/сек.",2547667081
775332,27.02.2023,трехчасовой прогноз,27.02.2023,27.02.2023,,,снег,,-4,-2,,,,"Днем местами слабый снег 0-0,5 мм, температура -4…-2 0С, ветер западный, северо-западный 5-10 м/сек. Ночью без существенных осадков 0-0,2 мм, температура -9…-7 градусов, ветер западный 5-10 м/сек.",2556683089
775516,28.02.2023,трехчасовой прогноз,28.02.2023,28.02.2023,,,снег,,-2,0,,,,"Днем местами небольшой снег 0-1 мм, прирост снега 0-1 см, температура -2…0 градусов, ветер западный 5-10 м/сек, местами порывы 12-14 м/сек. Ночью местами небольшой снег 0-1 мм, прирост снега 0-1 см, температура -7…-5 градусов, ветер северо-западный 5-10 м/сек.",2563526522
775712,01.03.2023,трехчасовой прогноз,01.03.2023,01.03.2023,,,снег,,-4,-2,,,,"Днем местами небольшой снег 0-1 мм, прирост снега 0-1 см, температура -4…-2 градуса, ветер северо-западный 5-10 м/сек, местами порывы 12-14 м/сек. Ночью местами слабый снег 0-0,5 мм, температура -6…-4 градуса, ветер северо-западный 5-10 м/сек.",2566147915
775896,02.03.2023,трехчасовой прогноз,02.03.2023,02.03.2023,,,снег,,-2,0,,,,"Днем местами небольшой снег 0-1 мм, прирост снега 0-1 см, температура -2…-0 градусов, ветер западный 5-10 м/сек, местами порывы 12-14 м/сек. Ночью местами небольшой снег 0-1 мм, прирост снега 0-1 см, температура -3…-1 градус, ветер западный 5-10 м/сек.",2566660989
776026,03.03.2023,трехчасовой прогноз,03.03.2023,03.03.2023,,,снег,,-2,1,,,,"Днем местами небольшой снег 0-1 мм, прирост снега 0-1 см, температура -2…-0 градусов, местами до +1 градуса, ветер западный 5-10 м/сек. Ночью местами небольшой снег 0-1 мм, прирост снега 0-1 см, температура -4…-2 градуса, ветер западный 3-8 м/сек.",2566712891
776222,04.03.2023,трехчасовой прогноз,04.03.2023,04.03.2023,,,снег,,-2,0,,,,"Днем временами снег 2-4 мм, прирост снега 2-4 см, температура -2…0 градусов, ветер юго-западный 3-8 м/сек. Ночью временами снег 1-2 мм, прирост снега 1-2 см, температура -3…-1 градус, ветер западный 5-10 м/сек.",2566745714
776418,05.03.2023,трехчасовой прогноз,05.03.2023,05.03.2023,,,снег,,-2,0,,,,"Днем местами небольшой снег 0-1 мм, прирост снега 0-1 см, температура -2…-0 градусов, ветер северо-западный 5-10 м/сек. Ночью местами небольшой снег 0-1 мм, прирост снега 0-1 см, температура -6…-4 градуса, ветер юго-западный 5-10 м/сек.",2566777140
776613,06.03.2023,трехчасовой прогноз,06.03.2023,06.03.2023,,,снег,,-3,-1,,,,"Днем местами небольшой снег 0-1 мм, прирост снега 0-1 см, температура -3…-1 градус, ветер юго-западный 5-10 м/сек. Ночью местами небольшой снег 0-1 мм, прирост снега 0-1 см, температура -8…-6 градусов, ветер юго-западный 5-10 м/сек.",2571507111
776809,07.03.2023,трехчасовой прогноз,07.03.2023,07.03.2023,,,снег,,-2,0,,,,"Днем временами снег 1-2 мм, прирост снега 1-2 см, температура -2…0 градусов, ветер юго-западный 5-10 м/сек. Ночью местами небольшой снег 0-1 мм, прирост снега 0-1 см, температура -8…-6 градусов, ветер юго-западный 5-10 м/сек.",2575787464
777005,08.03.2023,трехчасовой прогноз,08.03.2023,08.03.2023,,,снег,,-1,1,,,,"Во второй половине дня временами снег, мокрый снег 1-3 мм, прирост снега 1-3 см, температура -1…+1 градус, ветер южный 5-10 м/сек, местами порывы 12-15 м/сек. Ночью временами снег 1-2 мм, прирост снега 1-2 см, температура -3…-1 градус, ветер юго-западный 5-10 м/сек, местами порывы 12-15 м/сек.",2576778169
777201,09.03.2023,трехчасовой прогноз,09.03.2023,09.03.2023,,,снег,,-2,0,,,,"Днем временами снег 2-4 мм, прирост снега 2-4 см, температура -2…0 градусов, ветер юго-западный 5-10 м/сек. Ночью местами небольшой снег 0-1 мм, прирост снега 0-1 см, температура -8…-6 градусов, ветер западный 5-10 м/сек.",2577487529
777398,10.03.2023,трехчасовой прогноз,10.03.2023,10.03.2023,,,снег,,-3,-1,,,,"Днем без существенных осадков 0-0,2 мм, температура -3…-1 градус, ветер северо-западный 5-10 м/сек. Ночью в конце местами небольшой снег 0-1 мм, прирост снега 0-1 см, температура -12…-10 градусов, ветер юго-восточный 3-8 м/сек.",2577530221
777593,11.03.2023,трехчасовой прогноз,11.03.2023,11.03.2023,,,снег,,-2,0,,,,"Днем временами снег, мокрый снег 1-3 мм, прирост снега 1-3 см, местами гололед, температура -2…0 градусов, ветер юго-восточный 5-10 м/сек, местами порывы 12-15 м/сек. Ночью временами осадки, преимущественно в виде дождя 5-10 мм, температура -2…0 градусов, ветер юго-восточный 5-10 м/сек, местами порывы 12-15 м/сек.",2577638305
777789,12.03.2023,трехчасовой прогноз,12.03.2023,12.03.2023,,,снег,,-2,3,,,,"Днем временами осадки (дождь, снег) 3-7 мм, прирост снега 1-2 см, вечером гололедица, температура 3…5 градусов, понижение к вечеру до -2 градусов, ветер юго-западный, западный 5-10 м/сек, местами порывы 12-15 м/сек. Ночью местами небольшой снег 0-1 мм, прирост снега 0-1 см, температура -6…-4 градуса, ветер юго-западный 5-10 м/сек.",2577681978
777985,13.03.2023,трехчасовой прогноз,13.03.2023,13.03.2023,,,снег,,-3,-1,,,,"Днем местами слабый снег 0-0,5 мм, температура -3…-1 градус, ветер юго-западный 5-10 м/сек, местами порывы 12-14 м/сек. Во второй половине ночи снег 1-2 мм, прирост снега 1-2 см, температура -6…-4 градуса, ветер юго-западный 5-10 м/сек, местами порывы 12-14 м/сек.",2577739436
778169,14.03.2023,трехчасовой прогноз,14.03.2023,14.03.2023,,,снег,,3,5,,,,"Днем временами осадки (снег, дождь) 1-3 мм, температура 3…5 градусов, ветер юго-западный 5-10 м/сек, местами порывы 12-17 м/сек. Ночью без осадков, температура 1…3 градуса, ветер южный 5-10 м/сек.",2577866444
778170,14.03.2023,трехчасовой прогноз,14.03.2023,14.03.2023,,,снег,,3,5,,,,"Днем временами осадки (снег, дождь) 1-3 мм, температура 3…5 градусов, ветер юго-западный 5-10 м/сек, местами порывы 12-17 м/сек. Ночью без осадков, температура 1…3 градуса, ветер южный 5-10 м/сек.",2577866445
778366,15.03.2023,трехчасовой прогноз,15.03.2023,15.03.2023,,,снег,,6,8,,,,"Днем без осадков, температура 6…8 градусов, ветер южный 5-10 м/сек. Ночью местами небольшой дождь 0-1 мм, температура 1…3 градуса, ветер юго-восточный 5-10 м/сек.",2577958394
778561,16.03.2023,трехчасовой прогноз,16.03.2023,16.03.2023,,,снег,,3,5,,,,"Днем временами осадки преимущественно в виде дождя 1-3 мм, температура 3…5 градусов, ветер юго-восточный 5-10 м/сек. Ночью временами осадки (дождь, снег) 1-3 мм, температура -1…+1 градус, ветер северный 5-10 м/сек.",2578073568
778757,17.03.2023,трехчасовой прогноз,17.03.2023,17.03.2023,,,снег,,-2,3,,,,"Днем без существенных осадков 0-0,2 мм, вечером местами гололедица, температура 1…3 градуса, понижение к вечеру до – 2 градусов, ветер северный 5-10 м/сек. Ночью без осадков, температура -7…-5 градусов, ветер северо-восточный 3-8 м/сек.",2580361384
778943,18.03.2023,трехчасовой прогноз,18.03.2023,18.03.2023,,,снег,,2,4,,,,"Днем без осадков, температура 2…4 градуса, ветер восточный 3-8 м/сек. Ночью без осадков, температура -7…-5 градусов, ветер юго-восточный 3-8 м/сек.",2580361383
779128,19.03.2023,трехчасовой прогноз,19.03.2023,19.03.2023,,,снег,,3,5,,,,"Днем без осадков, температура 3…5 градусов, ветер юго-восточный 3-8 м/сек. Ночью без осадков, температура -6…-4 градуса, ветер слабый менее 5 м/сек.",2580361381
779313,20.03.2023,трехчасовой прогноз,20.03.2023,20.03.2023,,,снег,,5,7,,,,"Днем без осадков, температура 5…7 градусов, ветер южный 2-7 м/сек. Ночью без осадков, температура -3…-1 градус, ветер юго-западный 3-8 м/сек.",2580361377
779509,21.03.2023,трехчасовой прогноз,21.03.2023,21.03.2023,,,снег,,6,8,,,,"Днем местами небольшой дождь 0-1 мм, температура 6…8 градусов, ветер юго-западный 3-8 м/сек. Ночью без существенных осадков 0-0,2 мм, температура 1…3 градуса, ветер юго-западный 3-8 м/сек.",2580361385
779694,22.03.2023,трехчасовой прогноз,22.03.2023,22.03.2023,,,снег,,6,8,,,,"Днем без существенных осадков 0-0,2 мм, температура 6…8 градусов, ветер западный 5-10 м/сек. Ночью местами небольшой дождь 0-1 мм, температура 1…3 градуса, ветер юго-западный 5-10 м/сек.",2580361373
779891,23.03.2023,трехчасовой прогноз,23.03.2023,23.03.2023,,,снег,,8,10,,,,"Днем без существенных осадков 0-0,2 мм, температура 8…10 градусов, ветер юго-западный 5-10 м/сек. Ночью временами дождь 1-3 мм, температура 5…7 градуса, ветер юго-западный 5-10 м/сек.",2580361386
780076,24.03.2023,трехчасовой прогноз,24.03.2023,24.03.2023,,,снег,,10,12,,,,"Днем кратковременный дождь 1-3 мм, температура 10…12 градусов, ветер юго-западный 5-10 м/сек, местами порывы 12-14 м/сек. Ночью временами дождь 1-3 мм, температура 3…5 градусов, ветер юго-западный 5-10 м/сек.",2580361376
780272,25.03.2023,трехчасовой прогноз,25.03.2023,25.03.2023,,,снег,,11,13,,,,"Днем небольшой дождь 1-3 мм, температура 11…13 градусов, ветер юго-западный 5-10 м/сек, местами порывы 12-14 м/сек. Ночью временами дождь 2-5 мм, температура 3…5 градусов, ветер юго-западный 5-10 м/сек.",2580361380
780457,26.03.2023,трехчасовой прогноз,26.03.2023,26.03.2023,,,дождь,,7,9,,,,"Днем временами дождь 3-8 мм, температура 7…9 градусов, ветер северный, северо-восточный 3-8 м/сек. Ночью местами небольшой дождь 0-1 мм, температура 3…5 градусов, ветер юго-западный 2-7 м/сек.",2580361393
780630,27.03.2023,трехчасовой прогноз,27.03.2023,27.03.2023,,,дождь,,8,10,,,,"Днем временами дождь 1-3 мм, температура 8…10 градусов, ветер юго-западный 3-8 м/сек. Ночью без осадков, температура 2…4 градуса, ветер юго-восточный 3-8 м/сек.",2580361387
780816,28.03.2023,трехчасовой прогноз,28.03.2023,28.03.2023,,,без осадков,,11,13,,,,"Днем без осадков, температура 11…13 градусов, ветер юго-восточный 5-10 м/сек. Во второй половине ночи местами небольшой дождь 0-2 мм, температура 4…6 градусов, ветер западный 5-10 м/сек.",2580361395
781012,29.03.2023,трехчасовой прогноз,29.03.2023,29.03.2023,,,дождь,,8,10,,,,"Днем временами дождь 5-10 мм, температура 8…10 градусов, ветер юго-восточный 5-10 м/сек, местами порывы 12-14 м/сек. Ночью временами небольшой дождь 0,5-2 мм, температура 2…4 градуса, ветер северо-западный 5-10 м/сек.",2580361392
781208,30.03.2023,трехчасовой прогноз,30.03.2023,30.03.2023,,,без осадков,,5,7,,,,"Днем местами небольшой дождь 0-1 мм, температура 5…7 градусов, ветер северо-западный 5-10 м/сек. Ночью без существенных осадков 0-0,2 мм, температура -2…0 градусов, ветер северный 3-8 м/сек.",2580361396
781404,31.03.2023,трехчасовой прогноз,31.03.2023,31.03.2023,,,дождь,,6,8,,,,"Днем местами небольшой дождь 0-1 мм, температура 6…8 градусов, ветер северо-восточный 3-8 м/сек. Ночью осадки (дождь, мокрый снег) 1-3 мм, температура 0…+2 градуса, ветер юго-западный 5-10 м/сек.",2580361372
781600,01.04.2023,трехчасовой прогноз,01.04.2023,01.04.2023,,,дождь,,8,10,,,,"Днем местами небольшой дождь 0-1 мм, температура 8…10 градусов, ветер юго-западный 5-10 м/сек. Ночью местами небольшой дождь 0-1 мм, температура 4…6 градусов, ветер юго-восточный 5-10 м/сек.",2580361389
781796,02.04.2023,трехчасовой прогноз,02.04.2023,02.04.2023,,,дождь,,10,12,,,,"Днем местами небольшой дождь 0-1 мм, температура 10…12 градусов, ветер южный 5-10 м/сек. Ночью местами небольшой дождь 0-1 мм, температура 5…7 градусов, ветер юго-восточный 3-8 м/сек.",2580361390
781993,03.04.2023,трехчасовой прогноз,03.04.2023,03.04.2023,,,дождь,,11,13,,,,"Днем местами небольшой дождь 0-1 мм, температура 11…13 градусов, ветер восточный 3-8 м/сек. Ночью местами небольшой дождь 0-2 мм, температура 4…6 градусов, ветер северо-восточный 3-8 м/сек.",2580361391
782189,04.04.2023,трехчасовой прогноз,04.04.2023,04.04.2023,,,без осадков,,10,12,,,,"Днем без существенных осадков 0-0,2 мм, температура 10…12 градусов, ветер северо-восточный 3-8 м/сек. Ночью без осадков, температура 4…6 градусов, ветер северо-восточный 3-8 м/сек.",2580361370
782385,05.04.2023,трехчасовой прогноз,05.04.2023,05.04.2023,,,дождь,,11,13,,,,"Днем без существенных осадков 0-0,2 мм, температура 11…13 градусов, ветер северо-восточный 3-8 м/сек. Ночью без осадков, температура 3…5 градусов, ветер северо-восточный 5-10 м/сек.",2580434922
782570,06.04.2023,трехчасовой прогноз,06.04.2023,06.04.2023,,,без осадков,,11,13,,,,"Днем без осадков, температура 11…13 градусов, ветер северо-восточный 5-10 м/сек. Ночью без осадков, температура 2…4 градуса, ветер северо-восточный 5-10 м/сек.",2580656664
782766,07.04.2023,трехчасовой прогноз,07.04.2023,07.04.2023,,,без осадков,,9,11,,,,"Днем без осадков, температура 9…11 градусов, ветер восточный 3-8 м/сек. Ночью без осадков, температура -1…+1 градус, ветер восточный 3-8 м/сек.",2580841726
782951,08.04.2023,трехчасовой прогноз,08.04.2023,08.04.2023,,,без осадков,,10,12,,,,"Днем без осадков, температура 10…12 градусов, ветер юго-восточный 3-8 м/сек. Ночью без осадков, температура 1…3 градуса, ветер юго-восточный 3-8 м/сек.",2580927478
783147,09.04.2023,трехчасовой прогноз,09.04.2023,09.04.2023,,,дождь,,11,13,,,,"Днем без существенных осадков 0-0,2 мм, температура 11…13 градусов, ветер юго-восточный 3-8 м/сек. Ночью без осадков, температура 1…3 градуса, ветер восточный 2-5 м/сек.",2581125762
783332,10.04.2023,трехчасовой прогноз,10.04.2023,10.04.2023,,,дождь,,12,14,,,,"Днем местами небольшой кратковременный дождь 0-2 мм, температура 12…14 градусов, ветер переменный 2-7 м/сек. Ночью местами кратковременный дождь 0-5 мм, температура 3…5 градусов, ветер слабый, менее 5 м/сек.",2581201792
783528,11.04.2023,трехчасовой прогноз,11.04.2023,11.04.2023,,,без осадков,,13,15,,,,"Днем без существенных осадков 0-0,2 мм, температура 13…15 градусов, ветер слабый, менее 5 м/сек. Ночью без осадков, температура 3…5 градусов, ветер слабый, менее 5 м/сек.",2581243208
783712,12.04.2023,трехчасовой прогноз,12.04.2023,12.04.2023,,,без осадков,,15,17,,,,"Днем без осадков, температура 15…17 градусов, ветер юго-восточный 3-8 м/сек. Ночью без осадков, температура 5…7 градусов, ветер слабый, менее 5 м/сек.",2581285372
783896,13.04.2023,трехчасовой прогноз,13.04.2023,13.04.2023,,,без осадков,,15,17,,,,"Днем без осадков, температура 15…17 градусов, ветер восточный 5-10 м/сек, местами порывы 12-14 м/сек. Ночью без осадков, температура 1…3 градуса, ветер северо-восточный 5-10 м/сек, местами порывы 12-14 м/сек.",2582090809
783968,14.04.2023,трехчасовой прогноз,14.04.2023,14.04.2023,,,без осадков,,7,9,,,,"Днем без осадков, температура 7…9 градусов, ветер северо-восточный 5-10 м/сек, местами порывы 12-17 м/сек. Ночью без осадков, температура -2…0 градусов, ветер северо-восточный 5-10 м/сек.",2582587737
784140,15.04.2023,трехчасовой прогноз,15.04.2023,15.04.2023,,,без осадков,,7,9,,,,"Днем без осадков, температура 7…9 градусов, ветер восточный 5-10 м/сек. Ночью без осадков, температура -1…+1 градус, ветер юго-восточный 3-8 м/сек.",2582870976
784336,16.04.2023,трехчасовой прогноз,16.04.2023,16.04.2023,,,без осадков,,11,13,,,,"Днем без осадков, температура 11…13 градусов, ветер юго-восточный 5-10 м/сек. Ночью без осадков, температура 1…3 градуса, ветер южный 3-8 м/сек.",2582921719
784520,17.04.2023,трехчасовой прогноз,17.04.2023,17.04.2023,,,дождь,,13,15,,,,"Днем без существенных осадков 0-0,2 мм, температура 13…15 градусов, ветер южный 3-8 м/сек. Ночью без осадков, температура 4…6 градусов, ветер слабый, менее 5 м/сек.",2583000898
784716,18.04.2023,трехчасовой прогноз,18.04.2023,18.04.2023,,,дождь,,13,15,,,,"Днем местами небольшой кратковременный дождь 0-1 мм, температура 13…15 градусов, ветер слабый, менее 5 м/сек. Ночью без существенных осадков 0-0,2 мм, температура 4…6 градусов, ветер северо-восточный 3-8 м/сек.",2583048058
784901,19.04.2023,трехчасовой прогноз,19.04.2023,19.04.2023,,,дождь,,15,17,,,,"Днем без существенных осадков 0-0,2 мм, температура 15…17 градусов, ветер северо-восточный 5-10 м/сек. Ночью без существенных осадков 0-0,2 мм, температура 4…6 градусов, ветер северо-восточный 3-8 м/сек.",2583084160
785095,20.04.2023,трехчасовой прогноз,20.04.2023,20.04.2023,,,без осадков,,15,17,,,,"Днем без осадков, температура 15…17 градусов, ветер северо-восточный 5-10 м/сек. Ночью без осадков, температура 4…6 градусов, ветер северный 3-8 м/сек.",2583128516
785291,21.04.2023,трехчасовой прогноз,21.04.2023,21.04.2023,,,без осадков,,15,17,,,,"Днем без осадков, температура 15…17 градусов, ветер северо-восточный 3-8 м/сек. Ночью без осадков, температура 4…6 градусов, ветер северо-восточный 3-8 м/сек.",2583186012
785474,22.04.2023,трехчасовой прогноз,22.04.2023,22.04.2023,,,без осадков,,15,17,,,,"Днем без осадков, температура 15…17 градусов, ветер северо-восточный 3-8 м/сек. Ночью без осадков, температура 4…6 градусов, ветер слабый, менее 5 м/сек.",2583238980
785670,23.04.2023,трехчасовой прогноз,23.04.2023,23.04.2023,,,без осадков,,17,19,,,,"Днем без осадков, температура 17…19 градусов, ветер западный 3-8 м/сек. Ночью без осадков, температура 6…8 градусов, ветер слабый, менее 5 м/сек.",2583319983
785866,24.04.2023,трехчасовой прогноз,24.04.2023,24.04.2023,,,без осадков,,17,19,,,,"Днем без осадков, температура 17…19 градусов, ветер южный 3-8 м/сек. Ночью без существенных осадков 0-0,2 мм, температура 7…9 градусов, ветер юго-восточный 3-8 м/сек.",2583432234
786050,25.04.2023,трехчасовой прогноз,25.04.2023,25.04.2023,,,дождь,,16,18,,,,"Во второй половине дня местами небольшой дождь 0-1 мм, температура 16…18 градусов, ветер юго-восточный 5-10 м/сек. Ночью временами дождь 5-10 мм, температура 7…9 градусов, ветер северо-западный 5-10 м/сек.",2583550048
786235,26.04.2023,трехчасовой прогноз,26.04.2023,26.04.2023,,,дождь,,14,16,,,,"Днем временами дождь 1-3 мм, температура 14…16 градусов, ветер северо-западный 5-10 м/сек. Ночью без существенных осадков 0-0,2 мм, температура 7…9 градусов, ветер юго-западный 3-8 м/сек.",2583747915
786430,27.04.2023,трехчасовой прогноз,27.04.2023,27.04.2023,,,дождь,,20,22,,,,"Днем местами небольшой кратковременный дождь 0-2 мм, температура 20…22 градуса, ветер юго-западный 5-10 м/сек. Ночью временами дождь 2-4 мм, температура 9…11 градусов, ветер южный 5-10 м/сек.",2586486925
786613,28.04.2023,трехчасовой прогноз,28.04.2023,28.04.2023,,,дождь,,14,16,,,,"Днем дождь 7-12 мм, температура 14…16 градусов, ветер южный 5-10 м/сек. Ночью дождь 7-14 мм, температура 4…6 градусов, ветер северо-западный 5-10 м/сек.",2587132772
786809,29.04.2023,трехчасовой прогноз,29.04.2023,29.04.2023,,,дождь,,12,14,,,,"Днем местами небольшой кратковременный дождь 0-2 мм, температура 12…14 градусов, ветер северо-западный 5-10 м/сек. Ночью без осадков, температура 1…3 градуса, ветер северо-восточный 3-8 м/сек.",2587132775
787005,30.04.2023,трехчасовой прогноз,30.04.2023,30.04.2023,,,дождь,,15,17,,,,"Вечером местами дождь 0-3 мм, температура 15…17 градусов, ветер северо-восточный 6-11 м/сек. Ночью местами дождь 0-3 мм, температура 5…7 градусов, ветер северо-западный 5-10 м/сек.",2587132773
787201,01.05.2023,трехчасовой прогноз,01.05.2023,01.05.2023,,,без осадков,,11,13,,,,"Днем местами небольшой дождь 0-2 мм, температура 11…13 градусов, ветер северо-западный 5-10 м/сек, местами порывы 12-14 м/сек. Ночью без осадков, температура 1…3 градуса, ветер западный 3-8 м/сек.",2587132776
787397,02.05.2023,трехчасовой прогноз,02.05.2023,02.05.2023,,,без осадков,,15,17,,,,"Днем без осадков, температура 15…17 градусов, ветер западный 3-8 м/сек. Ночью без существенных осадков 0-0,2 мм, температура 4…6 градусов, ветер южный 3-8 м/сек.",2587132771
787593,03.05.2023,трехчасовой прогноз,03.05.2023,03.05.2023,,,дождь,,12,14,,,,"Днем кратковременный дождь 1-4 мм, температура 12…14 градусов, ветер юго-западный 5-10 м/сек. Ночью без существенных осадков 0-0,2 мм, температура 2…4 градуса, ветер западный 3-8 м/сек.",2587132778
787788,04.05.2023,трехчасовой прогноз,04.05.2023,04.05.2023,,,без осадков,,13,15,,,,"Днем без существенных осадков 0-0,2 мм, температура 13…15 градусов, ветер западный 3-8 м/сек. Ночью без существенных осадков 0-0,2 мм, температура 3…5 градусов, ветер северо-западный 3-8 м/сек.",2587132767
787984,05.05.2023,трехчасовой прогноз,05.05.2023,05.05.2023,,,дождь,,10,12,,,,"Днем кратковременный дождь 2-5 мм, температура 10…12 градусов, ветер северный 5-10 м/сек. Ночью местами небольшие осадки 0-1 мм, температура 0…2 градуса, ветер северо-западный 5-10 м/сек.",2587271414
788169,06.05.2023,трехчасовой прогноз,06.05.2023,06.05.2023,,,без осадков,,8,10,,,,,2587348469
788365,07.05.2023,трехчасовой прогноз,07.05.2023,07.05.2023,,,дождь,,8,10,,,,"Днем без существенных осадков 0-0,2 мм, температура 8…10 градусов, ветер северо-западный 5-10 м/сек. Ночью без осадков, температура -1…+1 градус, ветер северо-западный 3-8 м/сек.",2587402125
788560,08.05.2023,трехчасовой прогноз,08.05.2023,08.05.2023,,,без осадков,,11,13,,,,"Днем без осадков, температура 11…13 градусов, ветер северо-западный 3-8 м/сек. Ночью без осадков, температура 0…+2 градуса, ветер северо-западный 2-5 м/сек.",2587455462
788756,09.05.2023,трехчасовой прогноз,09.05.2023,09.05.2023,,,без осадков,,13,15,,,,"Днем без осадков, температура 13…15 градусов, ветер северо-западный 2-5 м/сек. Ночью без осадков, температура 3…5 градусов, ветер северный 2-5 м/сек.",2587517258
788941,10.05.2023,трехчасовой прогноз,10.05.2023,10.05.2023,,,без осадков,,15,17,,,,"Днем без осадков, температура 15…17 градусов, ветер северный 2-5 м/сек. Ночью без осадков, температура 5…7 градусов, слабый менее 5 м/сек.",2587589430
789137,11.05.2023,трехчасовой прогноз,11.05.2023,11.05.2023,,,дождь,,18,20,,,,"Днем местами небольшой кратковременный дождь 0-1 мм, температура 18…20 градусов, ветер слабый, менее 5 м/сек. Ночью без осадков, температура 7…9 градусов, северный 2-7 м/сек.",2587679981
789333,12.05.2023,трехчасовой прогноз,12.05.2023,12.05.2023,,,без осадков,,18,20,,,,"Днем без осадков, температура 18…20 градусов, ветер северный 2-7 м/сек. Ночью без осадков, температура 9…11 градусов, ветер западный 3-8 м/сек.",2587708909
789529,13.05.2023,трехчасовой прогноз,13.05.2023,13.05.2023,,,без осадков,,20,22,,,,"Днем без осадков, температура 20…22 градуса, ветер северный 5-10 м/сек. Ночью без осадков, температура 8…10 градусов, ветер северный 3-8 м/сек.",2587738940
789530,13.05.2023,трехчасовой прогноз,13.05.2023,13.05.2023,,,без осадков,,20,22,,,,"Днем без осадков, температура 20…22 градуса, ветер северный 5-10 м/сек. Ночью без осадков, температура 8…10 градусов, ветер северный 3-8 м/сек.",2587738946
789715,14.05.2023,трехчасовой прогноз,14.05.2023,14.05.2023,,,без осадков,,17,19,,,,"Днем без осадков, температура 17…19 градусов, ветер северо-восточный 3-8 м/сек. Ночью без осадков, температура 7…9 градусов, ветер слабый менее 5 м/сек.",2587768356
789900,15.05.2023,трехчасовой прогноз,15.05.2023,15.05.2023,,,без осадков,,18,20,,,,"Днем без осадков, температура 18…20 градусов, ветер восточный 3-8 м/сек. Ночью без осадков, температура 7…9 градусов, ветер восточный 3-8 м/сек.",2587798789
790084,16.05.2023,трехчасовой прогноз,16.05.2023,16.05.2023,,,без осадков,,20,22,,,,"Днем без осадков, температура 20…22 градуса, ветер юго-восточный 5-10 м/сек. Ночью без осадков, температура 8…10 градусов, ветер южный 3-8 м/сек.",2588134595
790280,17.05.2023,трехчасовой прогноз,17.05.2023,17.05.2023,,,без осадков,,22,24,,,,"Днем без осадков, температура 22…24 градуса, ветер южный 5-10 м/сек. Ночью без осадков, температура 10…12 градусов, ветер южный 3-8 м/сек.",2588134589
790465,18.05.2023,трехчасовой прогноз,18.05.2023,18.05.2023,,,дождь,,24,26,,,,"Днем без осадков, температура 24…26 градусов, ветер южный 5-10 м/сек. Ночью кратковременный дождь, возможна гроза 2-5 мм, температура 11…13 градусов, ветер северо-западный 3-8 м/сек.",2588134573
790661,19.05.2023,трехчасовой прогноз,19.05.2023,19.05.2023,,,дождь,,15,17,,,,"Днем местами небольшой кратковременный дождь 0-1 мм, температура 15…17 градусов, ветер северный 5-10 м/сек. Ночью без осадков, температура 7…9 градусов, ветер северный 3-8 м/сек.",2588220715
790857,20.05.2023,трехчасовой прогноз,20.05.2023,20.05.2023,,,дождь,,16,18,,,,"Днем без существенных осадков 0-0,2 мм, температура 16…18 градусов, ветер северный 3-8 м/сек. Ночью кратковременный дождь 1-4 мм, температура 8…10 градусов, ветер северный 3-8 м/сек.",2588264413
791052,21.05.2023,трехчасовой прогноз,21.05.2023,21.05.2023,,,дождь,,18,20,,,,"Днем местами кратковременный дождь 0-3 мм, температура 18…20 градусов, ветер южный 5-10 м/сек. Ночью кратковременный дождь 2-5 мм, температура 10…12 градусов, ветер переменный 2-5 м/сек.",2588344708
791237,22.05.2023,трехчасовой прогноз,22.05.2023,22.05.2023,,,дождь,,20,22,,,,"Днем кратковременный дождь 2-5 мм, возможна гроза, температура 20…22 градуса, ветер переменный 2-7 м/сек. Ночью без существенных осадков 0-0,2 мм, температура 10…12 градусов, переменный 2-7 м/сек.",2588377176
791432,23.05.2023,трехчасовой прогноз,23.05.2023,23.05.2023,,,дождь,,20,22,,,,"Днем кратковременный дождь 2-7 мм, возможна гроза, температура 20…22 градуса, ветер восточный 5-10 м/сек. Ночью кратковременный дождь 2-7 мм, температура 11…13 градусов, ветер восточный 3-8 м/сек.",2588387026
791627,24.05.2023,трехчасовой прогноз,24.05.2023,24.05.2023,,,дождь,,20,22,,,,"Днем кратковременный дождь 2-7 мм, температура 20…22 градуса, ветер восточный 5-10 м/сек. Ночью без существенных осадков 0-0,2 мм, температура 11…13 градусов, юго-восточный 3-8 м/сек.",2588487369
791811,25.05.2023,трехчасовой прогноз,25.05.2023,25.05.2023,,,дождь,,21,23,,,,"Днем кратковременный дождь 2-7 мм, возможна гроза температура 21…23 градуса, ветер северо-западный 5-10 м/сек. Ночью местами небольшой кратковременный дождь 0-1 мм, температура 11…13 градусов, северо-восточный 3-8 м/сек.",2588603983
792007,26.05.2023,трехчасовой прогноз,26.05.2023,26.05.2023,,,без осадков,,23,25,,,,"Днем без существенных осадков 0-0,2 мм, температура 23…25 градусов, ветер западный, северо-западный 3-8 м/сек. Ночью без существенных осадков 0-0,2 мм, температура 13…15 градусов, северо-западный 3-8 м/сек.",2588662220
792203,27.05.2023,трехчасовой прогноз,27.05.2023,27.05.2023,,,дождь,,20,22,,,,"Днем местами небольшой кратковременный дождь 0-1 мм, температура 20…22 градуса, ветер северо-западный 5-10 м/сек. Ночью без существенных осадков 0-0,2 мм, температура 8…10 градусов, ветер северо-западный 3-8 м/сек.",2588716520
792398,28.05.2023,трехчасовой прогноз,28.05.2023,28.05.2023,,,дождь,,16,18,,,,"Днем местами кратковременный дождь 0-5 мм, температура 16…18 градусов, ветер северо-западный 5-10 м/сек, местами порывы 12-14 м/сек. Ночью без существенных осадков 0-0,2 мм, температура 7…9 градусов, северо-западный 3-8 м/сек.",2588871205
792594,29.05.2023,трехчасовой прогноз,29.05.2023,29.05.2023,,,без осадков,,21,23,,,,"Днем без осадков, температура 21…23 градуса, ветер северо-западный 3-8 м/сек. Ночью без осадков, температура 9…11 градусов, ветер слабый, менее 5 м/сек.",2591515869
792790,30.05.2023,трехчасовой прогноз,30.05.2023,30.05.2023,,,без осадков,,21,23,,,,"Днем без осадков, температура 21…23 градуса, ветер юго-западный 3-8 м/сек. Ночью во второй половине ночи местами небольшой кратковременный дождь 0-2 мм, температура 11…13 градусов, ветер северо-западный 5-10 м/сек.",2591547381
792974,31.05.2023,трехчасовой прогноз,31.05.2023,31.05.2023,,,дождь,,17,19,,,,"Днем кратковременный дождь 2-5 мм, температура 17…19 градуса, ветер северо-западный 5-10 м/сек, местами порывы 12-14 м/сек. Ночью без существенных осадков 0-0,2 мм, температура 8…10 градусов, ветер северо-западный 3-8 м/сек.",2591597844
793170,01.06.2023,трехчасовой прогноз,01.06.2023,01.06.2023,,,без осадков,,21,23,,,,"Днем без существенных осадков 0-0,2 мм, температура 21…23 градуса, ветер юго-западный 5-10 м/сек. Ночью без существенных осадков 0-0,2 мм, температура 11…13 градусов, ветер юго-западный 5-10 м/сек.",2591634226
793355,02.06.2023,трехчасовой прогноз,02.06.2023,02.06.2023,,,дождь,,21,23,,,,"Днем кратковременный дождь 5-10 мм, возможна гроза, температура 21…23 градуса, ветер юго-западный 5-10 м/сек, при грозе порывы 12-17 м/сек. Ночью кратковременный дождь 5-10 мм, возможна гроза, температура 7…9 градусов, ветер юго-западный 5-10 м/сек, при грозе порывы 12-17 м/сек.",2591668420
793551,03.06.2023,трехчасовой прогноз,03.06.2023,03.06.2023,,,дождь,,11,13,,,,"Днем временами дождь 1-5 мм, температура 11…13 градусов, ветер северо-западный 5-10 м/сек, местами порывы 12-14 м/сек. Ночью без осадков, температура 5…7 градусов, ветер северо-западный 3-8 м/сек.",2591697563
793746,04.06.2023,трехчасовой прогноз,04.06.2023,04.06.2023,,,без осадков,,15,17,,,,"Днем без осадков, температура 15…17 градусов, ветер западный 3-8 м/сек. Ночью без существенных осадков 0-0,2 мм, температура 7…9 градусов, ветер юго-западный 3-8 м/сек.",2591761135
793943,05.06.2023,трехчасовой прогноз,05.06.2023,05.06.2023,,,дождь,,15,17,,,,"Днем местами кратковременный дождь 0-5 мм, температура 15…17 градусов, ветер юго-западный 5-10 м/сек. Ночью без существенных осадков 0-0,2 мм, температура 7…9 градусов, ветер западный 3-8 м/сек.",2591791052
794139,06.06.2023,трехчасовой прогноз,06.06.2023,06.06.2023,,,дождь,,18,20,,,,"Днем без существенных осадков 0-0,2 мм, температура 18…20 градусов, ветер западный 3-8 м/сек. Ночью без существенных осадков 0-0,2 мм, температура 7…9 градусов, ветер западный 3-8 м/сек.",2591831059
794324,07.06.2023,трехчасовой прогноз,07.06.2023,07.06.2023,,,дождь,,20,22,,,,"Днем местами небольшой кратковременный дождь 0-2 мм, температура 20…22 градуса, ветер западный 5-10 м/сек. Ночью без существенных осадков 0-0,2 мм, температура 10…12 градусов, ветер переменный 2-7 м/сек.",2591862448
794520,08.06.2023,трехчасовой прогноз,08.06.2023,08.06.2023,,,без осадков,,20,22,,,,"Днем без осадков, температура 20…22 градуса, ветер переменный 2-7 м/сек. Ночью без осадков, температура 10…12 градусов, ветер юго-западный 3-8 м/сек.",2591888189
794714,09.06.2023,трехчасовой прогноз,09.06.2023,09.06.2023,,,дождь,,22,24,,,,"Днем местами кратковременный дождь 0-10 мм, возможна гроза, температура 22…24 градуса, ветер западный 5-10 м/сек, при грозе порывы 12-17 м/сек. Ночью без существенных осадков 0-0,2 мм, температура 8…10 градусов, ветер северо-восточный 5-10 м/сек.",2591916346
794899,10.06.2023,трехчасовой прогноз,10.06.2023,10.06.2023,,,без осадков,,16,18,,,,"Днем без осадков, температура 16…18 градусов, ветер северо-восточный 5-10 м/сек, местами порывы 12-14 м/сек. Ночью без осадков, температура 7…9 градусов, ветер северо-восточный 5-10 м/сек.",2591943645
795095,11.06.2023,трехчасовой прогноз,11.06.2023,11.06.2023,,,без осадков,,15,17,,,,"Днем без осадков, температура 15…17 градусов, ветер северо-восточный 5-10 м/сек. Ночью без осадков, температура 6…8 градусов, ветер северо-восточный 5-10 м/сек.",2591959946
795291,12.06.2023,трехчасовой прогноз,12.06.2023,12.06.2023,,,дождь,,19,21,,,,"Днем преимущественно без осадков 0-0,2 мм, температура 19…21 градус, ветер северо-восточный 5-10 м/сек, местами порывы 12-14 м/сек. Ночью без осадков, температура 8…10 градусов, ветер восточный 3-8 м/сек.",2592103042
795487,13.06.2023,трехчасовой прогноз,13.06.2023,13.06.2023,,,без осадков,,20,22,,,,"Днем без осадков, температура 20…22 градуса, ветер восточный 5-10 м/сек. Ночью без осадков, температура 10…12 градусов, ветер переменный 2-7 м/сек.",2592135960
795683,14.06.2023,трехчасовой прогноз,14.06.2023,14.06.2023,,,без осадков,,22,24,,,,"Днем без осадков, температура 22…24 градуса, ветер переменный 2-7 м/сек. Ночью без осадков, температура 11…13 градусов, ветер северо-восточный 3-8 м/сек.",2592159867
795868,15.06.2023,трехчасовой прогноз,15.06.2023,15.06.2023,,,без осадков,,26,28,,,,"Днем жаркая погода, без осадков, температура 26…28 градусов, ветер северо-восточный 3-8 м/сек. Ночью без осадков, температура 15…17 градусов, ветер слабый, менее 5 м/сек.",2592181964
796064,16.06.2023,трехчасовой прогноз,16.06.2023,16.06.2023,,,без осадков,,27,29,,,,"Днем сохранится жаркая погода, без осадков, температура 27…29 градусов, ветер северо-восточный 5-10 м/сек. Ночью без осадков, температура 15…17 градусов, ветер слабый, менее 5 м/сек.",2592207672
796260,17.06.2023,трехчасовой прогноз,17.06.2023,17.06.2023,,,без осадков,,27,29,,,,"Днем сохранится жаркая погода, без осадков, температура 27…29 градусов, ветер северо-восточный 5-10 м/сек. Ночью без осадков, температура 14…16 градусов, ветер северо-восточный 2-7 м/сек.",2592270187
796456,18.06.2023,трехчасовой прогноз,18.06.2023,18.06.2023,,,без осадков,,23,25,,,,"Днем без существенных осадков 0-0,2 мм, температура 23…25 градусов, ветер северо-восточный 5-10 м/сек. Ночью без осадков, температура 13…15 градусов, ветер северо-восточный 3-8 м/сек.",2592293028
796629,19.06.2023,трехчасовой прогноз,19.06.2023,19.06.2023,,,без осадков,,21,23,,,,"Днем без осадков, температура 21…23 градуса, ветер северо-восточный 5-10 м/сек. Ночью без осадков, температура 10…12 градусов, ветер восточный 3-8 м/сек.",2592314136
796825,20.06.2023,трехчасовой прогноз,20.06.2023,20.06.2023,,,дождь,,23,25,,,,"Днем местами небольшой кратковременный дождь 0-2 мм, температура 23…25 градусов, ветер северный 5-10 м/сек, местами порывы 12-14 м/сек. Ночью без осадков, температура 10…12 градусов, ветер северный 3-8 м/сек.",2594747200
797021,21.06.2023,трехчасовой прогноз,21.06.2023,21.06.2023,,,без осадков,,22,24,,,,"Днем без осадков, температура 22…24 градуса, ветер северный 5-10 м/сек. Ночью без существенных осадков 0-0,2 мм, температура 10…12 градусов, ветер переменный 2-7 м/сек.",2597517363
797217,22.06.2023,трехчасовой прогноз,22.06.2023,22.06.2023,,,без осадков,,23,25,,,,"Днем без осадков, температура 23…25 градусов, ветер юго-западный 5-10 м/сек. Ночью кратковременный дождь, 3-12 мм, возможна гроза, температура 14…16 градусов, ветер переменный 2-7 м/сек, при грозе порывы 12-17 м/сек.",2597544348
797402,23.06.2023,трехчасовой прогноз,23.06.2023,23.06.2023,,,дождь,,21,23,,,,"Днем кратковременный дождь, местами сильный 5-12 мм, местами до 15-20 мм, местами гроза, температура 21…23 градуса, ветер южный 5-10 м/сек, при грозе порывы 12-17 м/сек. Ночью местами небольшой кратковременный дождь 0-2 мм, температура 14…16 градусов, ветер северо-западный 3-8 м/сек.",2597571956
797587,24.06.2023,трехчасовой прогноз,24.06.2023,24.06.2023,,,дождь,,21,23,,,,"Днем местами небольшой кратковременный дождь 0-1 мм, температура 21…23 градуса, ветер северо-западный 5-10 м/сек. Ночью без существенных осадков 0-0,2 мм, температура 13…15 градусов, ветер северо-восточный 3-8 м/сек.",2597636533
797783,25.06.2023,трехчасовой прогноз,25.06.2023,25.06.2023,,,дождь,,21,23,,,,"Днем без существенных осадков 0-0,2 мм, температура 21…23 градуса, ветер северо-восточный 3-8 м/сек. Ночью без существенных осадков 0-0,2 мм, температура 13…15 градусов, ветер северо-восточный 3-8 м/сек.",2597665468
797979,26.06.2023,трехчасовой прогноз,26.06.2023,26.06.2023,,,дождь,,23,25,,,,"Днем местами небольшой кратковременный дождь 0-1 мм, температура 23…25 градусов, ветер восточный 5-10 м/сек. Ночью без существенных осадков 0-0,2 мм, температура 13…15 градусов, ветер восточный 3-8 м/сек.",2597703711
798164,27.06.2023,трехчасовой прогноз,27.06.2023,27.06.2023,,,дождь,,22,24,,,,"Днем местами небольшой кратковременный дождь 0-1 мм, температура 22…24 градусов, ветер восточный 5-10 м/сек. Ночью без существенных осадков 0-0,2 мм, температура 13…15 градусов, ветер слабый, менее 5 м/сек.",2597732464
798360,28.06.2023,трехчасовой прогноз,28.06.2023,28.06.2023,,,дождь,,20,22,,,,"Днем местами небольшой кратковременный дождь 0-2 мм, температура 20…22 градуса, ветер юго-восточный 5-10 м/сек. Ночью дождь, местами сильный 5-10 мм, температура 13…15 градусов, ветер южный 3-8 м/сек.",2598117791
798556,29.06.2023,трехчасовой прогноз,29.06.2023,29.06.2023,,,дождь,,18,20,,,,"Днем кратковременный дождь 1-5 мм, температура 18…20 градусов, ветер южный 3-8 м/сек. Ночью кратковременный дождь 1-5 мм, температура 12…14 градусов, ветер переменный 2-7 м/сек.",2598250913
798752,30.06.2023,трехчасовой прогноз,30.06.2023,30.06.2023,,,дождь,,19,21,,,,"Днем кратковременные дожди, местами сильные, возможна гроза 5-14 мм, местами до 20 мм, температура 19…21 градус, ветер северо-восточный 5-10 м/сек, при грозе порывы 12-17 м/сек. Ночью местами небольшой кратковременный дождь 0-1 мм, температура 13…15 градусов, ветер северо-западный 3-8 м/сек.",2598327926
798937,01.07.2023,трехчасовой прогноз,01.07.2023,01.07.2023,,,дождь,,22,24,,,,"Днем местами небольшой кратковременный дождь 0-2 мм, температура 22…24 градуса, ветер северо-западный 5-10 м/сек. Ночью местами небольшой кратковременный дождь 0-1 мм, температура 13…15 градусов, ветер западный 3-8 м/сек.",2598349893
799122,02.07.2023,трехчасовой прогноз,02.07.2023,02.07.2023,,,дождь,,23,25,,,,"Днем местами небольшой кратковременный дождь 0-1 мм, температура 23…25 градусов, ветер западный 5-10 м/сек. Ночью кратковременный дождь 1-5 мм, температура 14…16 градусов, ветер юго-западный 3-8 м/сек.",2598371838
799318,03.07.2023,трехчасовой прогноз,03.07.2023,03.07.2023,,,дождь,,24,26,,,,"Днем местами небольшой кратковременный дождь 0-2 мм, температура 24…26 градусов, ветер западный 5-10 м/сек, местами порывы 12-14 м/сек. Ночью без осадков, температура 14…16 градусов, ветер юго-западный 3-8 м/сек.",2598656146
799514,04.07.2023,трехчасовой прогноз,04.07.2023,04.07.2023,,,без осадков,,24,26,,,,"Днем без осадков, температура 24…26 градусов, ветер юго-западный 5-10 м/сек. Ночью без осадков, температура 14…16 градусов, ветер юго-западный 3-8 м/сек.",2601865606
799710,05.07.2023,трехчасовой прогноз,05.07.2023,05.07.2023,,,дождь,,26,28,,,,"Днем жаркая погода, местами кратковременный дождь 0-5 мм, температура 26…28 градусов, ветер юго-западный 5-10 м/сек. Ночью без осадков, температура 15…17 градусов, ветер юго-западный 3-8 м/сек.",2601930575
799906,06.07.2023,трехчасовой прогноз,06.07.2023,06.07.2023,,,дождь,,26,28,,,,"Днем жаркая погода, местами кратковременный дождь 0-3 мм, температура 26…28 градусов, ветер юго-западный 5-10 м/сек. Ночью местами кратковременный дождь 0-5 мм, температура 17…19 градусов, ветер юго-восточный 3-8 м/сек.",2601980238
800102,07.07.2023,трехчасовой прогноз,07.07.2023,07.07.2023,,,дождь,,26,28,,,,"Днем жаркая погода, кратковременный дождь, местами сильный 5-10 мм, местами до 15-20 мм, температура 26…28 градусов, ветер южный 5-10 м/сек, при грозе порывы 12-17 м/сек. Ночью кратковременный дождь 3-8 мм, температура 17…19 градусов, ветер северо-западный 3-8 м/сек.",2602001128
800298,08.07.2023,трехчасовой прогноз,08.07.2023,08.07.2023,,,дождь,,22,24,,,,"Днем местами кратковременный дождь 0-5 мм, температура 22…24 градусов, ветер северо-западный 5-10 м/сек. Ночью без существенных осадков 0-0,2 мм, температура 15…17 градусов, ветер северо-западный 3-8 м/сек.",2602017638
800493,09.07.2023,трехчасовой прогноз,09.07.2023,09.07.2023,,,без осадков,,23,25,,,,"Днем без осадков, температура 23…25 градусов, ветер северо-западный 5-10 м/сек. Ночью без существенных осадков 0-0,2 мм, температура 13…15 градусов, ветер северо-западный 5-10 м/сек.",2602034007
800678,10.07.2023,трехчасовой прогноз,10.07.2023,10.07.2023,,,дождь,,20,22,,,,"Днем местами небольшой кратковременный дождь 0-1 мм, температура 20…22 градуса, ветер северо-западный 5-10 м/сек, местами порывы 12-14 м/сек. Ночью местами небольшой кратковременный дождь 0-1 мм, температура 13…15 градусов, ветер северо-западный 5-10 м/сек.",2602051765
800874,11.07.2023,трехчасовой прогноз,11.07.2023,11.07.2023,,,дождь,,19,21,,,,"Днем местами небольшой кратковременный дождь 0-1 мм, температура 19…21 градус, ветер северо-западный 5-10 м/сек. Ночью без существенных осадков 0-0,2 мм, температура 11…13 градусов, ветер северо-западный 5-10 м/сек.",2602484359
801070,12.07.2023,трехчасовой прогноз,12.07.2023,12.07.2023,,,дождь,,18,20,,,,"Днем местами кратковременный дождь 0-3 мм, температура 18…20 градусов, ветер северо-западный 5-10 м/сек. Ночью кратковременный дождь 2-7 мм, температура 11…13 градусов, ветер западный 3-8 м/сек.",2602832094
801266,13.07.2023,трехчасовой прогноз,13.07.2023,13.07.2023,,,дождь,,17,19,,,,"Днем кратковременный дождь 5-14 мм, температура 17…19 градусов, ветер западный 5-10 м/сек. Ночью местами кратковременный дождь 0-5 мм, температура 12…14 градусов, ветер северо-западный 5-10 м/сек.",2603007267
801463,14.07.2023,трехчасовой прогноз,14.07.2023,14.07.2023,,,дождь,,18,20,,,,"Днем местами небольшой кратковременный дождь 0-2 мм, температура 18…20 градусов, ветер северо-западный 5-10 м/сек. Ночью местами кратковременный дождь 0-5 мм, температура 13…15 градусов, ветер северо-западный 5-10 м/сек.",2603034166
801659,15.07.2023,трехчасовой прогноз,15.07.2023,15.07.2023,,,дождь,,19,21,,,,"Днем местами кратковременный дождь 0-5 мм, температура 19…21 градус, ветер северо-западный 5-10 м/сек. Ночью без существенных осадков 0-0,2 мм, температура 13…15 градусов, ветер северо-западный 3-8 м/сек.",2603064818
801855,16.07.2023,трехчасовой прогноз,16.07.2023,16.07.2023,,,дождь,,23,25,,,,"Днем местами небольшой кратковременный дождь 0-1 мм, температура 23…25 градусов, ветер северо-западный 5-10 м/сек. Ночью без осадков, температура 14…16 градусов, ветер северо-западный 3-8 м/сек.",2603178495
802039,17.07.2023,трехчасовой прогноз,17.07.2023,17.07.2023,,,без осадков,,26,28,,,,"Днем жаркая погода, без осадков, температура 26…28 градусов, ветер северо-западный 5-10 м/сек. Ночью местами небольшой кратковременный дождь 0-1 мм, температура 16…18 градусов, ветер северо-западный 3-8 м/сек.",2603398674
802224,18.07.2023,трехчасовой прогноз,18.07.2023,18.07.2023,,,дождь,,26,28,,,,"Днем жаркая погода, кратковременный дождь 5-10 мм, возможна гроза, температура 26…28 градусов, ветер северо-западный 5-10 м/сек, при грозе порывы 12-17 м/сек. Ночью дождь, местами сильный 7-12 мм, местами 20-25 мм, возможна гроза, температура 14…16 градусов, ветер западный 5-10 м/сек. местами порывы 13-18 м/сек.",2603427913
802420,19.07.2023,трехчасовой прогноз,19.07.2023,19.07.2023,,,дождь,,18,20,,,,"Днем местами кратковременный дождь 0-3 мм, температура 18…20 градусов, ветер западный 5-10 м/сек, местами порывы 20-25 м/сек. Ночью без существенных осадков 0-0,2 мм, температура 13…15 градусов, ветер западный 5-10 м/сек.",2603495173
802605,20.07.2023,трехчасовой прогноз,20.07.2023,20.07.2023,,,дождь,,20,22,,,,"Днем местами кратковременный дождь 0-3 мм, температура 20…22 градуса, ветер западный 5-10 м/сек, местами порывы 12-14 м/сек. Ночью без существенных осадков 0-0,2 мм, температура 12…14 градусов, ветер западный 3-8 м/сек.",2603525531
802801,21.07.2023,трехчасовой прогноз,21.07.2023,21.07.2023,,,дождь,,20,22,,,,"Днем местами небольшой кратковременный дождь 0-1 мм, температура 20…22 градуса, ветер западный 5-10 м/сек. Ночью без существенных осадков 0-0,2 мм, температура 12…14 градусов, ветер западный 3-8 м/сек.",2603674849
802997,22.07.2023,трехчасовой прогноз,22.07.2023,22.07.2023,,,дождь,,21,23,,,,"Днем без существенных осадков 0-0,2 мм, температура 21…23 градуса, ветер юго-западный 5-10 м/сек. Ночью местами небольшой кратковременный дождь 0-2 мм, температура 13…15 градусов, ветер западный 5-10 м/сек.",2603876365
803193,23.07.2023,трехчасовой прогноз,23.07.2023,23.07.2023,,,дождь,,20,22,,,,"Днем кратковременный дождь 5-10 мм, возможна гроза, температура 20…22 градуса, ветер западный 5-10 м/сек, местами порывы 12-14 м/сек. Ночью местами небольшой кратковременный дождь 0-1 мм, температура 13…15 градусов, ветер северо-западный 2-5 м/сек.",2603923245
803389,24.07.2023,трехчасовой прогноз,24.07.2023,24.07.2023,,,дождь,,18,20,,,,"Днем местами кратковременный дождь 0-5 мм, температура 18…20 градусов, ветер юго-западный 5-10 м/сек. Ночью местами кратковременный дождь 0-3 мм, температура 14…16 градусов, ветер западный 2-5 м/сек.",2604108666
803597,25.07.2023,трехчасовой прогноз,25.07.2023,25.07.2023,,,дождь,,22,24,,,,"Днем местами кратковременный дождь 0-5 мм, возможна гроза, температура 22…24 градуса, ветер юго-западный 5-10 м/сек. Ночью кратковременный дождь, местами сильный 5-12 мм, местами до 20 мм, возможна гроза, температура 16…18 градусов, ветер южный 3-8 м/сек.",2604225779
803770,26.07.2023,трехчасовой прогноз,26.07.2023,26.07.2023,,,дождь,,23,25,,,,"Днем кратковременный дождь, местами сильный 5-12 мм, местами до 20 мм, возможна гроза, температура 23…25 градусов, ветер южный 5-10 м/сек. Ночью местами небольшой кратковременный дождь 0-1 мм, температура 16…18 градусов, ветер юго-восточный 3-8 м/сек.",2604787036
803966,27.07.2023,трехчасовой прогноз,27.07.2023,27.07.2023,,,дождь,,24,26,,,,"Днем местами кратковременный дождь 0-5 мм, возможна гроза, температура 24…26 градусов, ветер юго-восточный 5-10 м/сек. Ночью кратковременный дождь, местами сильный 5-14 мм местами до 20 мм, возможна гроза, температура 18…20 градусов, ветер юго-западный 5-10 м/сек.",2604972425
804151,28.07.2023,трехчасовой прогноз,28.07.2023,28.07.2023,,,дождь,,25,27,,,,"Днем кратковременный дождь, местами сильный 5-12 мм, местами до 25 мм, возможна гроза, температура 25…27 градусов, ветер юго-восточный 5-10 м/сек, местами порывы 12-14 м/сек. Ночью кратковременный дождь 5-10 мм, температура 16…18 градусов, ветер северный 3-8 м/сек.",2605286987
804347,29.07.2023,трехчасовой прогноз,29.07.2023,29.07.2023,,,дождь,,19,21,,,,"Днем кратковременный дождь 5-10 мм, температура 19…21 градус, ветер северо-западный 5-10 м/сек. Ночью без осадков, температура 12…14 градусов, ветер северо-западный 2-7 м/сек.",2606013664
804542,30.07.2023,трехчасовой прогноз,30.07.2023,30.07.2023,,,без осадков,,22,24,,,,"Днем без существенных осадков 0-0,2 мм, температура 22…24 градуса, ветер северо-западный 5-10 м/сек. Ночью без существенных осадков 0-0,2 мм, температура 13…15 градусов, ветер западный 5-10 м/сек.",2606307501
804726,31.07.2023,трехчасовой прогноз,31.07.2023,31.07.2023,,,без осадков,,23,25,,,,"Днем без существенных осадков 0-0,2 мм, температура 23…25 градусов, ветер юго-западный 5-10 м/сек. Ночью без существенных осадков 0-0,2 мм, температура 16…18 градусов, ветер юго-западный 3-8 м/сек.",2606375990
804922,01.08.2023,трехчасовой прогноз,01.08.2023,01.08.2023,,,дождь,,24,26,,,,"Днем жаркая погода, местами кратковременный дождь 0-3 мм, температура 24…26 градусов, ветер юго-западный 3-8 м/сек. Ночью без существенных осадков дождь 0-0,2 мм, температура 16…18 градусов, ветер юго-западный 3-8 м/сек.",2606406471
805118,02.08.2023,трехчасовой прогноз,02.08.2023,02.08.2023,,,дождь,,24,26,,,,"Днем местами небольшой кратковременный дождь 0-2 мм, возможна гроза, температура 24…26 градусов, ветер юго-восточный, южный 3-8 м/сек. Ночью местами небольшой кратковременный дождь 0-2 мм, температура 16…18 градусов, ветер южный 3-8 м/сек.",2606560589
805302,03.08.2023,трехчасовой прогноз,03.08.2023,03.08.2023,,,дождь,,28,30,,,,"Днем жаркая погода, местами небольшой кратковременный дождь 0-1 мм, температура 28…30 градусов, ветер южный 3-8 м/сек. Ночью местами небольшой кратковременный дождь 0-1 мм, температура 18…20 градусов, ветер южный 3-8 м/сек.",2606619895
805498,04.08.2023,трехчасовой прогноз,04.08.2023,04.08.2023,,,дождь,,29,31,,,,"Днем жаркая погода, возможны локальные ливни 0-10 мм, возможна гроза, температура 29…31 градус, ветер юго-западный 3-8 м/сек. Ночью без осадков, температура 18…20 градусов, ветер юго-западный 3-8 м/сек.",2606652278
805695,05.08.2023,трехчасовой прогноз,05.08.2023,05.08.2023,,,без осадков,,30,32,,,,"Днем очень жаркая погода, без осадков, температура 30…32 градуса, ветер западный 3-8 м/сек. Ночью без осадков, температура 20…22 градуса, ветер юго-восточный 3-8 м/сек.",2606682195
805891,06.08.2023,трехчасовой прогноз,06.08.2023,06.08.2023,,,без осадков,,32,34,,,,"Днем сохранится очень жаркая погода, без осадков, температура 32…34 градуса, ветер юго-восточный 3-8 м/сек. Ночью без осадков, температура 20…22 градуса, ветер юго-восточный 3-8 м/сек.",2606761223
806076,07.08.2023,трехчасовой прогноз,07.08.2023,07.08.2023,,,без осадков,,32,34,,,,"Днем сохранится очень жаркая погода, без осадков, температура 32…34 градуса, ветер юго-восточный 5-10 м/сек, местами порывы 12-14 м/сек. Ночью местами кратковременный дождь 0-5 мм, температура 21…23 градуса, ветер юго-восточный 5-10 м/сек.",2607245205
806271,08.08.2023,трехчасовой прогноз,08.08.2023,08.08.2023,,,дождь,,25,27,,,,"Днем жаркая погода, местами кратковременный дождь 0-10 мм, возможна гроза, температура 25…27 градусов, ветер северо-западный 5-10 м/сек. Ночью местами кратковременный дождь 0-5 мм, температура 17…19 градусов, ветер северо-западный 5-10 м/сек.",2608223684
806456,09.08.2023,трехчасовой прогноз,09.08.2023,09.08.2023,,,дождь,,22,24,,,,"Днем кратковременный дождь, местами сильный 5-10 мм, местами до 20 мм, возможна гроза, температура 22…24 градусов, ветер северо-западный 5-10 м/сек. Ночью без осадков, температура 15…17 градусов, ветер северо-западный 3-8 м/сек.",2608401368
806652,10.08.2023,трехчасовой прогноз,10.08.2023,10.08.2023,,,без осадков,,24,26,,,,"Днем без осадков, температура 24…26 градусов, ветер северо-восточный 3-8 м/сек. Ночью местами небольшой кратковременный дождь 0-1 мм, температура 15…17 градусов, ветер северо-восточный 2-7 м/сек.",2608417183
806848,11.08.2023,трехчасовой прогноз,11.08.2023,11.08.2023,,,дождь,,26,28,,,,"Днем жаркая погода, местами небольшой кратковременный дождь 0-1 мм, температура 26…28 градусов, ветер восточный 5-10 м/сек, местами порывы 12-14 м/сек. Ночью кратковременный дождь 1-4 мм, температура 18…20 градусов, ветер восточный 3-8 м/сек.",2608428739
807044,12.08.2023,трехчасовой прогноз,12.08.2023,12.08.2023,,,дождь,,24,26,,,,"Днем кратковременный дождь 5-12 мм, возможна гроза, температура 24…26 градусов, ветер юго-восточный 5-10 м/сек. местами порывы 12-14 м/сек. Ночью кратковременный дождь 3-8 мм, температура 16…18 градусов, ветер юго-восточный 3-8 м/сек.",2608480610
807240,13.08.2023,трехчасовой прогноз,13.08.2023,13.08.2023,,,дождь,,22,24,,,,"Днем местами кратковременный дождь 0-5 мм, температура 22…24 градуса, ветер юго-восточный 3-8 м/сек. Ночью местами небольшой кратковременный дождь 0-2 мм, температура 16…18 градусов, ветер южный 2-7 м/сек.",2608510385
807425,14.08.2023,трехчасовой прогноз,14.08.2023,14.08.2023,,,дождь,,22,24,,,,"Днем местами небольшой кратковременный дождь 0-2 мм, температура 22…24 градуса, ветер западный 5-10 м/сек. Ночью преимущественно без осадков 0-0,2 мм, температура 15…17 градусов, ветер северо-западный 4-9 м/сек.",2608520196
807621,15.08.2023,трехчасовой прогноз,15.08.2023,15.08.2023,,,без осадков,,24,26,,,,"Днем преимущественно без осадков 0-0,2 мм, температура 24…26 градусов, ветер северо-западный 4-9 м/сек. Ночью без осадков, температура 14…16 градусов, ветер северо-западный 4-9 м/сек.",2608615443
807817,16.08.2023,трехчасовой прогноз,16.08.2023,16.08.2023,,,без осадков,,25,27,,,,"Днем жаркая погода, без осадков, температура 25…27 градусов, ветер северо-западный 4-9 м/сек. Ночью без осадков, температура 13…15 градусов, ветер западный 2-7 м/сек.",2609289973
808013,17.08.2023,трехчасовой прогноз,17.08.2023,17.08.2023,,,без осадков,,26,28,,,,"Днем жаркая погода, без осадков, температура 26…28 градусов, ветер северный 2-7 м/сек. Ночью без осадков, температура 15…17 градусов, ветер переменный 2-7 м/сек.",2609289970
808209,18.08.2023,трехчасовой прогноз,18.08.2023,18.08.2023,,,дождь,,26,28,,,,"Днем жаркая погода, местами кратковременный дождь 0-10 мм, возможна гроза, температура 26…28 градусов, ветер северо-восточный 5-10 м/сек, при грозе порывы 12-14 м/сек. Ночью местами небольшой кратковременный дождь 0-2 мм, температура 17…19 градусов, ветер переменный 2-7 м/сек.",2609289960
808405,19.08.2023,трехчасовой прогноз,19.08.2023,19.08.2023,,,дождь,,23,25,,,,"Днем местами кратковременный дождь 0-3 мм, температура 23…25 градусов, ветер северо-восточный 5-10 м/сек. Ночью местами кратковременный дождь 0-5 мм, температура 15…17 градусов, ветер восточный 2-7 м/сек.",2609363612
808590,20.08.2023,трехчасовой прогноз,20.08.2023,20.08.2023,,,дождь,,23,25,,,,"Днем кратковременный дождь 5-12 мм, возможна гроза, температура 23…25 градусов, ветер северо-западный 5-10 м/сек, при грозе порывы 12-15 м/сек. Ночью преимущественно без осадков 0-0,2 мм, температура 15…17 градусов, ветер юго-восточный 3-8 м/сек.",2609497888
808786,21.08.2023,трехчасовой прогноз,21.08.2023,21.08.2023,,,без осадков,,21,23,,,,"Днем без осадков, температура 21…23 градусов, ветер северо-восточный 3-8 м/сек. Ночью без осадков, температура 13…15 градусов, ветер западный 3-8 м/сек.",2609700776
808982,22.08.2023,трехчасовой прогноз,22.08.2023,22.08.2023,,,дождь,,18,20,,,,"Днем кратковременный дождь 2-7 мм, температура 18…20 градусов, ветер переменный 2-7 м/сек. Ночью местами небольшой кратковременный дождь 0-2 мм, температура 13…15 градусов, ветер северо-западный 5-10 м/сек.",2609719884
809178,23.08.2023,трехчасовой прогноз,23.08.2023,23.08.2023,,,дождь,,16,18,,,,"Днем кратковременный дождь 5-14 мм, возможна гроза, температура 16…18 градусов, ветер северо-западный, западный 5-10 м/сек, при грозе порывы 12-15 м/сек. Ночью местами кратковременный дождь 0-3 мм, температура 12…14 градусов, ветер северо-западный 5-10 м/сек.",2609762614
809362,24.08.2023,трехчасовой прогноз,24.08.2023,24.08.2023,,,дождь,,16,18,,,,"Днем местами кратковременный дождь 0-3 мм, температура 16…18 градусов, ветер северо-восточный 5-10 м/сек. Ночью без осадков, температура 9…11 градусов, ветер переменный слабый, менее 5 м/сек.",2609776274
809558,25.08.2023,трехчасовой прогноз,25.08.2023,25.08.2023,,,без осадков,,17,19,,,,"Днем без осадков, температура 17…19 градусов, ветер северо-восточный 3-8 м/сек. Ночью без осадков, температура 9…11 градусов, ветер северо-западный 3-8 м/сек.",2610220531
809754,26.08.2023,трехчасовой прогноз,26.08.2023,26.08.2023,,,дождь,,20,22,,,,"Днем местами кратковременный дождь 0-5 мм, температура 20…22 градусов, ветер юго-западный 5-10 м/сек. Ночью местами небольшой кратковременный дождь 0-1 мм, температура 10…12 градусов, ветер слабый менее 5 м/сек.",2611818999
809928,27.08.2023,трехчасовой прогноз,27.08.2023,27.08.2023,,,дождь,,21,23,,,,"Днем без существенных осадков 0-0,2 мм, температура 21…23 градуса, ветер северо-западный 5-10 м/сек. Ночью местами небольшой кратковременный дождь 0-1 мм, температура 10…12 градусов, ветер слабый, менее 5 м/сек.",2611842087
810124,28.08.2023,трехчасовой прогноз,28.08.2023,28.08.2023,,,без осадков,,20,22,,,,"Днем без осадков, температура 20…22 градуса, ветер северо-восточный 3-8 м/сек. Ночью без существенных осадков 0-0,2 мм, температура 10…12 градусов, ветер юго-восточный 5-10 м/сек.",2612384843
810320,29.08.2023,трехчасовой прогноз,29.08.2023,29.08.2023,,,дождь,,17,19,,,,"Днем местами небольшой кратковременный дождь 0-1 мм, температура 17…19 градусов, ветер юго-восточный 3-8 м/сек. Ночью без осадков, температура 12…14 градусов, слабый менее 5 м/сек.",2612852319
810516,30.08.2023,трехчасовой прогноз,30.08.2023,30.08.2023,,,без осадков,,22,24,,,,"Днем без осадков, температура 22…24 градуса, ветер восточный, юго-восточный 3-8 м/сек. Ночью без осадков, температура 13…15 градусов, юго-восточный 3-8 м/сек.",2613629826
810712,31.08.2023,трехчасовой прогноз,31.08.2023,31.08.2023,,,без осадков,,24,26,,,,"Днем жаркая погода, без осадков, температура 24…26 градусов, ветер юго-восточный 3-8 м/сек. Ночью без осадков, температура 15…17 градусов, южный 5-10 м/сек.",2613983901
810908,01.09.2023,трехчасовой прогноз,01.09.2023,01.09.2023,,,дождь,,25,27,,,,"Днем жаркая погода, без осадков, температура 25…27 градусов, ветер южный 5-10 м/сек. Ночью местами кратковременный дождь 0-3 мм, температура 14…16 градусов, переменный 2-7 м/сек.",2614993093
811093,02.09.2023,трехчасовой прогноз,02.09.2023,02.09.2023,,,дождь,,20,22,,,,"Днем кратковременный дождь 3-8 мм, температура 20…22 градуса, ветер переменный 2-7 м/сек. Ночью кратковременный дождь 3-8 мм, температура 12…14 градусов, северо-западный 3-8 м/сек.",2615125020
811289,03.09.2023,трехчасовой прогноз,03.09.2023,03.09.2023,,,без осадков,,20,22,,,,"Днем без осадков, температура 20…22 градуса, ветер северо-западный 3-8 м/сек. Ночью без существенных осадков 0-0,2 мм, температура 11…13 градусов, ветер западный 3-8 м/сек.",2615226678
811485,04.09.2023,трехчасовой прогноз,04.09.2023,04.09.2023,,,без осадков,,20,22,,,,"Днем без осадков, температура 20…22 градуса, ветер северо-западный 3-8 м/сек. Ночью без осадков, температура 10…12 градусов, северо-западный 3-8 м/сек.",2615328462
811681,05.09.2023,трехчасовой прогноз,05.09.2023,05.09.2023,,,без осадков,,20,22,,,,"Днем без осадков, температура 20…22 градуса, ветер северо-западный, западный 3-8 м/сек. Ночью без осадков, температура 10…12 градусов, ветер юго-западный 3-8 м/сек.",2615590978
811866,06.09.2023,трехчасовой прогноз,06.09.2023,06.09.2023,,,дождь,,19,21,,,,"Днем местами небольшой кратковременный дождь 0-2 мм, температура 19…21 градус, ветер северо-западный 5-10 м/сек., местами порывы 12-14 м/сек. Ночью без осадков, температура 8…10 градусов, ветер западный 5-10 м/сек.",2615735330
812051,07.09.2023,трехчасовой прогноз,07.09.2023,07.09.2023,,,без осадков,,15,17,,,,"Днем без осадков, температура 15…17 градусов, ветер северо-западный 5-10 м/сек., местами порывы 12-14 м/сек. Ночью без осадков, температура 7…9 градусов, ветер северо-западный 5-10 м/сек.",2615863650
812224,08.09.2023,трехчасовой прогноз,08.09.2023,08.09.2023,,,дождь,,15,17,,,,"Днем местами небольшой кратковременный дождь 0-2 мм, температура 15…17 градусов, ветер северо-западный 5-10 м/сек., местами порывы 12-14 м/сек. Ночью без осадков, температура 7…9 градусов, ветер северо-западный 3-8 м/сек.",2616251515
812420,09.09.2023,трехчасовой прогноз,09.09.2023,09.09.2023,,,без осадков,,17,19,,,,"Днем без существенных осадков 0-0,2 мм, температура 17…19 градусов, ветер северный 5-10 м/сек. Ночью без осадков, температура 9…11 градусов, ветер северо-западный 3-8 м/сек.",2616443262
812616,10.09.2023,трехчасовой прогноз,10.09.2023,10.09.2023,,,без осадков,,19,21,,,,"Днем без осадков, температура 19…21 градус, ветер северо-западный 3-8 м/сек. Ночью без осадков, температура 9…11 градусов, ветер северо-западный 3-8 м/сек.",2616629344
812812,11.09.2023,трехчасовой прогноз,11.09.2023,11.09.2023,,,без осадков,,20,22,,,,"Днем без осадков, температура 20…22 градуса, ветер северный 3-8 м/сек. Ночью без осадков, температура 9…11 градусов, ветер юго-восточный 3-8 м/сек.",2616803975
813008,12.09.2023,трехчасовой прогноз,12.09.2023,12.09.2023,,,без осадков,,20,22,,,,"Днем без осадков, температура 20…22 градуса, ветер юго-восточный 3-8 м/сек. Ночью без осадков, температура 9…11 градусов, ветер слабый, менее 5 м/сек.",2617115544
